<?xml version="1.0" encoding="UTF-8"?>

<!DOCTYPE hibernate-configuration PUBLIC
	"-//Hibernate/Hibernate Configuration DTD 3.0//EN"
	"http://www.hibernate.org/dtd/hibernate-configuration-3.0.dtd">
	
	<hibernate-configuration>
		<session-factory>
		<!-- 数据库连接信息 -->
			<property name="hibernate.connection.driver_class">com.mysql.jdbc.Driver</property>
			<property name="hibernate.connection.url">jdbc:mysql://localhost:3306/struts_day01</property>
			<property name="hibernate.connection.username">root</property>
			<property name="hibernate.connection.password">root</property>
			
		<!-- 基本配置 -->
			<property name="hibernate.dialect">org.hibernate.dialect.MySQL5Dialect</property>
			<property name="hibernate.show_sql">true</property>
			<property name="hibernate.format_sql">true</property>
			
			<!-- 自动维护表结构 -->
			<property name="hibernate.hbm2ddl.auto">updates</property>
			<property name="hibernate.connection.provider_class">org.hibernate.c3p0.internal.C3P0ConnectionProvider</property>
			
			<!-- 持久化类-->
			<mapping class="cn.itcast.entity.customer"/>
			
			
		</session-factory>
	</hibernate-configuration>